{
  "daily_totals": {
    "2025-12-03": 49.187904834747314
  },
  "session_date": null,
  "session_start": null,
  "total_seconds": 49.187904834747314
}